CH1,CH2
8.000000000000000167e-02,4.399999999999999745e-02
8.000000000000000167e-02,4.200000000000000261e-02
0.000000000000000000e+00,4.200000000000000261e-02
8.000000000000000167e-02,4.200000000000000261e-02
8.000000000000000167e-02,4.200000000000000261e-02
0.000000000000000000e+00,4.200000000000000261e-02
8.000000000000000167e-02,4.200000000000000261e-02
8.000000000000000167e-02,4.399999999999999745e-02
8.000000000000000167e-02,4.000000000000000083e-02
8.000000000000000167e-02,4.399999999999999745e-02
8.000000000000000167e-02,4.399999999999999745e-02
8.000000000000000167e-02,4.200000000000000261e-02
8.000000000000000167e-02,4.200000000000000261e-02
8.000000000000000167e-02,4.200000000000000261e-02
8.000000000000000167e-02,4.200000000000000261e-02
8.000000000000000167e-02,4.200000000000000261e-02
1.600000000000000033e-01,4.200000000000000261e-02
8.000000000000000167e-02,4.200000000000000261e-02
8.000000000000000167e-02,4.399999999999999745e-02
8.000000000000000167e-02,4.399999999999999745e-02
8.000000000000000167e-02,4.399999999999999745e-02
8.000000000000000167e-02,4.399999999999999745e-02
8.000000000000000167e-02,4.599999999999999922e-02
8.000000000000000167e-02,4.399999999999999745e-02
8.000000000000000167e-02,4.399999999999999745e-02
8.000000000000000167e-02,4.399999999999999745e-02
0.000000000000000000e+00,4.200000000000000261e-02
8.000000000000000167e-02,4.399999999999999745e-02
0.000000000000000000e+00,4.200000000000000261e-02
8.000000000000000167e-02,4.200000000000000261e-02
8.000000000000000167e-02,4.200000000000000261e-02
8.000000000000000167e-02,4.200000000000000261e-02
1.600000000000000033e-01,4.200000000000000261e-02
8.000000000000000167e-02,4.200000000000000261e-02
-8.000000000000000167e-02,4.399999999999999745e-02
8.000000000000000167e-02,4.200000000000000261e-02
8.000000000000000167e-02,4.000000000000000083e-02
8.000000000000000167e-02,4.000000000000000083e-02
0.000000000000000000e+00,4.200000000000000261e-02
8.000000000000000167e-02,4.200000000000000261e-02
8.000000000000000167e-02,4.399999999999999745e-02
8.000000000000000167e-02,4.599999999999999922e-02
0.000000000000000000e+00,4.399999999999999745e-02
8.000000000000000167e-02,4.399999999999999745e-02
0.000000000000000000e+00,4.399999999999999745e-02
8.000000000000000167e-02,4.399999999999999745e-02
1.600000000000000033e-01,4.399999999999999745e-02
8.000000000000000167e-02,4.200000000000000261e-02
0.000000000000000000e+00,4.399999999999999745e-02
8.000000000000000167e-02,4.200000000000000261e-02
8.000000000000000167e-02,4.200000000000000261e-02
8.000000000000000167e-02,4.200000000000000261e-02
8.000000000000000167e-02,4.399999999999999745e-02
1.600000000000000033e-01,4.399999999999999745e-02
8.000000000000000167e-02,4.399999999999999745e-02
8.000000000000000167e-02,4.399999999999999745e-02
0.000000000000000000e+00,4.399999999999999745e-02
8.000000000000000167e-02,4.200000000000000261e-02
8.000000000000000167e-02,4.200000000000000261e-02
-8.000000000000000167e-02,4.200000000000000261e-02
0.000000000000000000e+00,4.399999999999999745e-02
8.000000000000000167e-02,4.399999999999999745e-02
8.000000000000000167e-02,4.399999999999999745e-02
8.000000000000000167e-02,4.200000000000000261e-02
8.000000000000000167e-02,4.200000000000000261e-02
0.000000000000000000e+00,4.200000000000000261e-02
8.000000000000000167e-02,4.399999999999999745e-02
8.000000000000000167e-02,4.399999999999999745e-02
0.000000000000000000e+00,4.399999999999999745e-02
8.000000000000000167e-02,4.200000000000000261e-02
8.000000000000000167e-02,4.399999999999999745e-02
8.000000000000000167e-02,4.399999999999999745e-02
0.000000000000000000e+00,4.200000000000000261e-02
8.000000000000000167e-02,4.200000000000000261e-02
8.000000000000000167e-02,4.599999999999999922e-02
8.000000000000000167e-02,4.399999999999999745e-02
1.600000000000000033e-01,4.200000000000000261e-02
0.000000000000000000e+00,4.000000000000000083e-02
0.000000000000000000e+00,4.200000000000000261e-02
8.000000000000000167e-02,4.000000000000000083e-02
8.000000000000000167e-02,4.200000000000000261e-02
8.000000000000000167e-02,4.200000000000000261e-02
0.000000000000000000e+00,4.399999999999999745e-02
8.000000000000000167e-02,4.200000000000000261e-02
1.600000000000000033e-01,4.200000000000000261e-02
0.000000000000000000e+00,4.399999999999999745e-02
8.000000000000000167e-02,4.399999999999999745e-02
8.000000000000000167e-02,4.399999999999999745e-02
8.000000000000000167e-02,4.200000000000000261e-02
8.000000000000000167e-02,4.200000000000000261e-02
1.600000000000000033e-01,4.399999999999999745e-02
0.000000000000000000e+00,4.000000000000000083e-02
8.000000000000000167e-02,4.599999999999999922e-02
0.000000000000000000e+00,4.399999999999999745e-02
0.000000000000000000e+00,4.399999999999999745e-02
8.000000000000000167e-02,4.399999999999999745e-02
8.000000000000000167e-02,4.200000000000000261e-02
8.000000000000000167e-02,4.399999999999999745e-02
8.000000000000000167e-02,4.000000000000000083e-02
8.000000000000000167e-02,4.599999999999999922e-02
1.600000000000000033e-01,4.399999999999999745e-02
8.000000000000000167e-02,4.399999999999999745e-02
0.000000000000000000e+00,4.399999999999999745e-02
0.000000000000000000e+00,4.200000000000000261e-02
8.000000000000000167e-02,4.200000000000000261e-02
0.000000000000000000e+00,4.200000000000000261e-02
8.000000000000000167e-02,4.200000000000000261e-02
8.000000000000000167e-02,4.399999999999999745e-02
0.000000000000000000e+00,4.399999999999999745e-02
8.000000000000000167e-02,4.599999999999999922e-02
8.000000000000000167e-02,4.399999999999999745e-02
1.600000000000000033e-01,4.399999999999999745e-02
8.000000000000000167e-02,4.399999999999999745e-02
8.000000000000000167e-02,4.200000000000000261e-02
8.000000000000000167e-02,4.399999999999999745e-02
8.000000000000000167e-02,4.200000000000000261e-02
8.000000000000000167e-02,4.399999999999999745e-02
8.000000000000000167e-02,4.399999999999999745e-02
1.600000000000000033e-01,4.200000000000000261e-02
8.000000000000000167e-02,4.200000000000000261e-02
8.000000000000000167e-02,4.399999999999999745e-02
8.000000000000000167e-02,4.200000000000000261e-02
8.000000000000000167e-02,4.200000000000000261e-02
8.000000000000000167e-02,4.399999999999999745e-02
8.000000000000000167e-02,4.399999999999999745e-02
8.000000000000000167e-02,4.399999999999999745e-02
8.000000000000000167e-02,4.200000000000000261e-02
8.000000000000000167e-02,4.000000000000000083e-02
8.000000000000000167e-02,4.399999999999999745e-02
8.000000000000000167e-02,4.200000000000000261e-02
1.600000000000000033e-01,4.399999999999999745e-02
8.000000000000000167e-02,4.399999999999999745e-02
8.000000000000000167e-02,4.399999999999999745e-02
0.000000000000000000e+00,4.200000000000000261e-02
8.000000000000000167e-02,4.200000000000000261e-02
8.000000000000000167e-02,4.200000000000000261e-02
0.000000000000000000e+00,4.000000000000000083e-02
8.000000000000000167e-02,4.599999999999999922e-02
0.000000000000000000e+00,4.200000000000000261e-02
8.000000000000000167e-02,4.599999999999999922e-02
8.000000000000000167e-02,4.200000000000000261e-02
0.000000000000000000e+00,4.200000000000000261e-02
8.000000000000000167e-02,4.000000000000000083e-02
8.000000000000000167e-02,4.399999999999999745e-02
8.000000000000000167e-02,4.200000000000000261e-02
1.600000000000000033e-01,4.599999999999999922e-02
0.000000000000000000e+00,4.200000000000000261e-02
8.000000000000000167e-02,4.200000000000000261e-02
8.000000000000000167e-02,4.399999999999999745e-02
8.000000000000000167e-02,4.200000000000000261e-02
8.000000000000000167e-02,4.399999999999999745e-02
8.000000000000000167e-02,4.399999999999999745e-02
8.000000000000000167e-02,4.000000000000000083e-02
0.000000000000000000e+00,4.200000000000000261e-02
8.000000000000000167e-02,4.200000000000000261e-02
1.600000000000000033e-01,4.200000000000000261e-02
0.000000000000000000e+00,4.399999999999999745e-02
8.000000000000000167e-02,4.399999999999999745e-02
0.000000000000000000e+00,4.200000000000000261e-02
8.000000000000000167e-02,4.399999999999999745e-02
8.000000000000000167e-02,4.399999999999999745e-02
8.000000000000000167e-02,4.200000000000000261e-02
8.000000000000000167e-02,4.200000000000000261e-02
8.000000000000000167e-02,4.399999999999999745e-02
1.600000000000000033e-01,4.200000000000000261e-02
8.000000000000000167e-02,4.200000000000000261e-02
0.000000000000000000e+00,4.200000000000000261e-02
8.000000000000000167e-02,4.200000000000000261e-02
0.000000000000000000e+00,4.399999999999999745e-02
0.000000000000000000e+00,4.200000000000000261e-02
8.000000000000000167e-02,4.399999999999999745e-02
8.000000000000000167e-02,4.399999999999999745e-02
0.000000000000000000e+00,4.399999999999999745e-02
8.000000000000000167e-02,4.399999999999999745e-02
8.000000000000000167e-02,4.200000000000000261e-02
0.000000000000000000e+00,4.599999999999999922e-02
8.000000000000000167e-02,4.200000000000000261e-02
8.000000000000000167e-02,4.200000000000000261e-02
8.000000000000000167e-02,4.399999999999999745e-02
1.600000000000000033e-01,4.200000000000000261e-02
8.000000000000000167e-02,4.399999999999999745e-02
8.000000000000000167e-02,4.200000000000000261e-02
8.000000000000000167e-02,4.200000000000000261e-02
8.000000000000000167e-02,4.399999999999999745e-02
8.000000000000000167e-02,4.200000000000000261e-02
1.600000000000000033e-01,4.399999999999999745e-02
8.000000000000000167e-02,4.399999999999999745e-02
0.000000000000000000e+00,4.200000000000000261e-02
8.000000000000000167e-02,4.200000000000000261e-02
8.000000000000000167e-02,4.200000000000000261e-02
1.600000000000000033e-01,4.200000000000000261e-02
8.000000000000000167e-02,4.399999999999999745e-02
8.000000000000000167e-02,4.200000000000000261e-02
8.000000000000000167e-02,4.399999999999999745e-02
8.000000000000000167e-02,4.200000000000000261e-02
8.000000000000000167e-02,4.399999999999999745e-02
8.000000000000000167e-02,4.399999999999999745e-02
0.000000000000000000e+00,4.399999999999999745e-02
8.000000000000000167e-02,4.200000000000000261e-02
8.000000000000000167e-02,4.200000000000000261e-02
1.600000000000000033e-01,4.399999999999999745e-02
8.000000000000000167e-02,4.399999999999999745e-02
8.000000000000000167e-02,4.399999999999999745e-02
8.000000000000000167e-02,4.399999999999999745e-02
0.000000000000000000e+00,4.399999999999999745e-02
1.600000000000000033e-01,4.000000000000000083e-02
8.000000000000000167e-02,4.399999999999999745e-02
8.000000000000000167e-02,4.599999999999999922e-02
8.000000000000000167e-02,4.200000000000000261e-02
0.000000000000000000e+00,4.000000000000000083e-02
0.000000000000000000e+00,4.399999999999999745e-02
8.000000000000000167e-02,4.200000000000000261e-02
0.000000000000000000e+00,4.399999999999999745e-02
1.600000000000000033e-01,4.200000000000000261e-02
1.600000000000000033e-01,4.200000000000000261e-02
8.000000000000000167e-02,4.399999999999999745e-02
8.000000000000000167e-02,4.200000000000000261e-02
8.000000000000000167e-02,4.399999999999999745e-02
0.000000000000000000e+00,4.399999999999999745e-02
8.000000000000000167e-02,4.399999999999999745e-02
8.000000000000000167e-02,4.399999999999999745e-02
8.000000000000000167e-02,4.399999999999999745e-02
8.000000000000000167e-02,4.200000000000000261e-02
1.600000000000000033e-01,4.200000000000000261e-02
8.000000000000000167e-02,4.399999999999999745e-02
8.000000000000000167e-02,4.399999999999999745e-02
8.000000000000000167e-02,4.200000000000000261e-02
8.000000000000000167e-02,4.399999999999999745e-02
0.000000000000000000e+00,4.200000000000000261e-02
0.000000000000000000e+00,4.200000000000000261e-02
0.000000000000000000e+00,4.200000000000000261e-02
8.000000000000000167e-02,4.000000000000000083e-02
0.000000000000000000e+00,4.200000000000000261e-02
0.000000000000000000e+00,4.399999999999999745e-02
0.000000000000000000e+00,4.200000000000000261e-02
8.000000000000000167e-02,4.399999999999999745e-02
8.000000000000000167e-02,4.200000000000000261e-02
0.000000000000000000e+00,4.200000000000000261e-02
8.000000000000000167e-02,4.200000000000000261e-02
0.000000000000000000e+00,4.200000000000000261e-02
8.000000000000000167e-02,4.399999999999999745e-02
8.000000000000000167e-02,4.599999999999999922e-02
8.000000000000000167e-02,4.399999999999999745e-02
0.000000000000000000e+00,4.200000000000000261e-02
8.000000000000000167e-02,4.200000000000000261e-02
8.000000000000000167e-02,4.399999999999999745e-02
8.000000000000000167e-02,4.399999999999999745e-02
8.000000000000000167e-02,4.200000000000000261e-02
8.000000000000000167e-02,4.200000000000000261e-02
8.000000000000000167e-02,4.399999999999999745e-02
8.000000000000000167e-02,4.399999999999999745e-02
0.000000000000000000e+00,4.399999999999999745e-02
1.600000000000000033e-01,4.399999999999999745e-02
8.000000000000000167e-02,4.200000000000000261e-02
8.000000000000000167e-02,4.399999999999999745e-02
8.000000000000000167e-02,4.200000000000000261e-02
8.000000000000000167e-02,4.599999999999999922e-02
0.000000000000000000e+00,4.399999999999999745e-02
8.000000000000000167e-02,4.200000000000000261e-02
0.000000000000000000e+00,4.000000000000000083e-02
0.000000000000000000e+00,4.200000000000000261e-02
8.000000000000000167e-02,4.200000000000000261e-02
8.000000000000000167e-02,4.200000000000000261e-02
8.000000000000000167e-02,4.399999999999999745e-02
0.000000000000000000e+00,4.200000000000000261e-02
8.000000000000000167e-02,4.000000000000000083e-02
1.600000000000000033e-01,4.200000000000000261e-02
8.000000000000000167e-02,4.200000000000000261e-02
0.000000000000000000e+00,4.599999999999999922e-02
8.000000000000000167e-02,4.399999999999999745e-02
0.000000000000000000e+00,4.200000000000000261e-02
8.000000000000000167e-02,4.399999999999999745e-02
8.000000000000000167e-02,4.200000000000000261e-02
8.000000000000000167e-02,4.200000000000000261e-02
0.000000000000000000e+00,4.200000000000000261e-02
8.000000000000000167e-02,4.200000000000000261e-02
8.000000000000000167e-02,4.399999999999999745e-02
8.000000000000000167e-02,4.200000000000000261e-02
8.000000000000000167e-02,4.399999999999999745e-02
0.000000000000000000e+00,4.200000000000000261e-02
8.000000000000000167e-02,4.200000000000000261e-02
8.000000000000000167e-02,4.599999999999999922e-02
8.000000000000000167e-02,4.399999999999999745e-02
8.000000000000000167e-02,4.399999999999999745e-02
0.000000000000000000e+00,4.399999999999999745e-02
8.000000000000000167e-02,4.200000000000000261e-02
8.000000000000000167e-02,4.399999999999999745e-02
8.000000000000000167e-02,4.200000000000000261e-02
8.000000000000000167e-02,4.200000000000000261e-02
8.000000000000000167e-02,4.200000000000000261e-02
8.000000000000000167e-02,4.399999999999999745e-02
1.600000000000000033e-01,4.599999999999999922e-02
1.600000000000000033e-01,4.000000000000000083e-02
0.000000000000000000e+00,4.399999999999999745e-02
8.000000000000000167e-02,4.200000000000000261e-02
8.000000000000000167e-02,4.200000000000000261e-02
8.000000000000000167e-02,4.200000000000000261e-02
1.600000000000000033e-01,4.399999999999999745e-02
8.000000000000000167e-02,4.200000000000000261e-02
8.000000000000000167e-02,4.200000000000000261e-02
8.000000000000000167e-02,4.200000000000000261e-02
1.600000000000000033e-01,4.399999999999999745e-02
8.000000000000000167e-02,4.399999999999999745e-02
8.000000000000000167e-02,4.399999999999999745e-02
8.000000000000000167e-02,4.599999999999999922e-02
0.000000000000000000e+00,4.200000000000000261e-02
8.000000000000000167e-02,4.200000000000000261e-02
8.000000000000000167e-02,4.200000000000000261e-02
0.000000000000000000e+00,4.399999999999999745e-02
8.000000000000000167e-02,4.200000000000000261e-02
8.000000000000000167e-02,4.200000000000000261e-02
8.000000000000000167e-02,4.399999999999999745e-02
0.000000000000000000e+00,4.399999999999999745e-02
1.600000000000000033e-01,4.200000000000000261e-02
8.000000000000000167e-02,4.200000000000000261e-02
8.000000000000000167e-02,4.200000000000000261e-02
8.000000000000000167e-02,4.399999999999999745e-02
8.000000000000000167e-02,4.399999999999999745e-02
8.000000000000000167e-02,4.200000000000000261e-02
1.600000000000000033e-01,4.200000000000000261e-02
8.000000000000000167e-02,4.000000000000000083e-02
0.000000000000000000e+00,4.399999999999999745e-02
8.000000000000000167e-02,4.200000000000000261e-02
8.000000000000000167e-02,4.200000000000000261e-02
8.000000000000000167e-02,4.399999999999999745e-02
8.000000000000000167e-02,4.399999999999999745e-02
8.000000000000000167e-02,4.399999999999999745e-02
8.000000000000000167e-02,4.399999999999999745e-02
0.000000000000000000e+00,4.200000000000000261e-02
8.000000000000000167e-02,4.200000000000000261e-02
8.000000000000000167e-02,4.599999999999999922e-02
8.000000000000000167e-02,4.399999999999999745e-02
8.000000000000000167e-02,4.399999999999999745e-02
8.000000000000000167e-02,4.200000000000000261e-02
8.000000000000000167e-02,4.200000000000000261e-02
0.000000000000000000e+00,4.200000000000000261e-02
8.000000000000000167e-02,4.200000000000000261e-02
0.000000000000000000e+00,4.200000000000000261e-02
8.000000000000000167e-02,4.399999999999999745e-02
0.000000000000000000e+00,4.399999999999999745e-02
8.000000000000000167e-02,4.200000000000000261e-02
8.000000000000000167e-02,4.200000000000000261e-02
8.000000000000000167e-02,4.399999999999999745e-02
1.600000000000000033e-01,4.399999999999999745e-02
8.000000000000000167e-02,4.599999999999999922e-02
8.000000000000000167e-02,4.000000000000000083e-02
8.000000000000000167e-02,4.399999999999999745e-02
8.000000000000000167e-02,4.399999999999999745e-02
8.000000000000000167e-02,4.399999999999999745e-02
8.000000000000000167e-02,4.399999999999999745e-02
8.000000000000000167e-02,4.200000000000000261e-02
0.000000000000000000e+00,4.200000000000000261e-02
1.600000000000000033e-01,4.399999999999999745e-02
0.000000000000000000e+00,4.000000000000000083e-02
0.000000000000000000e+00,4.200000000000000261e-02
8.000000000000000167e-02,4.200000000000000261e-02
0.000000000000000000e+00,4.399999999999999745e-02
8.000000000000000167e-02,4.399999999999999745e-02
1.600000000000000033e-01,4.200000000000000261e-02
8.000000000000000167e-02,4.599999999999999922e-02
8.000000000000000167e-02,4.399999999999999745e-02
8.000000000000000167e-02,4.200000000000000261e-02
8.000000000000000167e-02,4.200000000000000261e-02
8.000000000000000167e-02,4.200000000000000261e-02
8.000000000000000167e-02,4.000000000000000083e-02
8.000000000000000167e-02,4.200000000000000261e-02
0.000000000000000000e+00,4.399999999999999745e-02
8.000000000000000167e-02,4.200000000000000261e-02
8.000000000000000167e-02,4.200000000000000261e-02
8.000000000000000167e-02,4.200000000000000261e-02
8.000000000000000167e-02,4.399999999999999745e-02
8.000000000000000167e-02,4.200000000000000261e-02
8.000000000000000167e-02,4.399999999999999745e-02
8.000000000000000167e-02,4.399999999999999745e-02
8.000000000000000167e-02,4.200000000000000261e-02
8.000000000000000167e-02,4.200000000000000261e-02
0.000000000000000000e+00,4.399999999999999745e-02
8.000000000000000167e-02,4.200000000000000261e-02
8.000000000000000167e-02,4.200000000000000261e-02
0.000000000000000000e+00,4.000000000000000083e-02
8.000000000000000167e-02,4.200000000000000261e-02
8.000000000000000167e-02,4.399999999999999745e-02
8.000000000000000167e-02,4.399999999999999745e-02
1.600000000000000033e-01,4.399999999999999745e-02
8.000000000000000167e-02,4.399999999999999745e-02
1.600000000000000033e-01,4.399999999999999745e-02
8.000000000000000167e-02,4.200000000000000261e-02
8.000000000000000167e-02,4.399999999999999745e-02
8.000000000000000167e-02,4.399999999999999745e-02
8.000000000000000167e-02,4.200000000000000261e-02
8.000000000000000167e-02,4.200000000000000261e-02
8.000000000000000167e-02,4.200000000000000261e-02
8.000000000000000167e-02,4.200000000000000261e-02
8.000000000000000167e-02,4.399999999999999745e-02
8.000000000000000167e-02,4.399999999999999745e-02
8.000000000000000167e-02,4.399999999999999745e-02
8.000000000000000167e-02,4.800000000000000100e-02
8.000000000000000167e-02,4.000000000000000083e-02
0.000000000000000000e+00,4.200000000000000261e-02
1.600000000000000033e-01,4.599999999999999922e-02
8.000000000000000167e-02,4.399999999999999745e-02
0.000000000000000000e+00,4.399999999999999745e-02
8.000000000000000167e-02,4.200000000000000261e-02
8.000000000000000167e-02,4.200000000000000261e-02
8.000000000000000167e-02,4.399999999999999745e-02
8.000000000000000167e-02,4.399999999999999745e-02
8.000000000000000167e-02,4.200000000000000261e-02
8.000000000000000167e-02,4.399999999999999745e-02
8.000000000000000167e-02,4.200000000000000261e-02
8.000000000000000167e-02,4.399999999999999745e-02
0.000000000000000000e+00,4.399999999999999745e-02
8.000000000000000167e-02,4.399999999999999745e-02
0.000000000000000000e+00,4.399999999999999745e-02
8.000000000000000167e-02,4.200000000000000261e-02
0.000000000000000000e+00,4.200000000000000261e-02
1.600000000000000033e-01,4.200000000000000261e-02
8.000000000000000167e-02,4.399999999999999745e-02
8.000000000000000167e-02,4.200000000000000261e-02
1.600000000000000033e-01,4.200000000000000261e-02
8.000000000000000167e-02,4.200000000000000261e-02
8.000000000000000167e-02,4.399999999999999745e-02
8.000000000000000167e-02,4.200000000000000261e-02
8.000000000000000167e-02,4.399999999999999745e-02
8.000000000000000167e-02,4.200000000000000261e-02
1.600000000000000033e-01,4.200000000000000261e-02
1.600000000000000033e-01,4.599999999999999922e-02
8.000000000000000167e-02,4.599999999999999922e-02
8.000000000000000167e-02,4.200000000000000261e-02
8.000000000000000167e-02,4.200000000000000261e-02
8.000000000000000167e-02,4.200000000000000261e-02
8.000000000000000167e-02,4.399999999999999745e-02
8.000000000000000167e-02,4.599999999999999922e-02
8.000000000000000167e-02,4.399999999999999745e-02
8.000000000000000167e-02,4.200000000000000261e-02
0.000000000000000000e+00,4.399999999999999745e-02
8.000000000000000167e-02,4.399999999999999745e-02
8.000000000000000167e-02,4.399999999999999745e-02
8.000000000000000167e-02,4.200000000000000261e-02
8.000000000000000167e-02,4.399999999999999745e-02
8.000000000000000167e-02,4.200000000000000261e-02
8.000000000000000167e-02,4.599999999999999922e-02
1.600000000000000033e-01,4.200000000000000261e-02
1.600000000000000033e-01,4.399999999999999745e-02
8.000000000000000167e-02,4.200000000000000261e-02
8.000000000000000167e-02,4.000000000000000083e-02
1.600000000000000033e-01,4.399999999999999745e-02
8.000000000000000167e-02,4.000000000000000083e-02
8.000000000000000167e-02,4.200000000000000261e-02
0.000000000000000000e+00,4.399999999999999745e-02
8.000000000000000167e-02,4.200000000000000261e-02
8.000000000000000167e-02,4.200000000000000261e-02
8.000000000000000167e-02,4.200000000000000261e-02
8.000000000000000167e-02,4.200000000000000261e-02
8.000000000000000167e-02,4.399999999999999745e-02
8.000000000000000167e-02,4.200000000000000261e-02
8.000000000000000167e-02,4.399999999999999745e-02
8.000000000000000167e-02,4.200000000000000261e-02
8.000000000000000167e-02,4.399999999999999745e-02
0.000000000000000000e+00,4.399999999999999745e-02
0.000000000000000000e+00,4.200000000000000261e-02
8.000000000000000167e-02,4.599999999999999922e-02
8.000000000000000167e-02,4.399999999999999745e-02
8.000000000000000167e-02,4.399999999999999745e-02
0.000000000000000000e+00,4.399999999999999745e-02
8.000000000000000167e-02,4.399999999999999745e-02
8.000000000000000167e-02,4.200000000000000261e-02
8.000000000000000167e-02,4.200000000000000261e-02
1.600000000000000033e-01,4.200000000000000261e-02
8.000000000000000167e-02,4.399999999999999745e-02
8.000000000000000167e-02,4.399999999999999745e-02
8.000000000000000167e-02,4.399999999999999745e-02
8.000000000000000167e-02,4.200000000000000261e-02
8.000000000000000167e-02,4.399999999999999745e-02
8.000000000000000167e-02,4.200000000000000261e-02
1.600000000000000033e-01,4.200000000000000261e-02
8.000000000000000167e-02,4.200000000000000261e-02
8.000000000000000167e-02,4.399999999999999745e-02
8.000000000000000167e-02,4.399999999999999745e-02
0.000000000000000000e+00,4.200000000000000261e-02
8.000000000000000167e-02,4.399999999999999745e-02
0.000000000000000000e+00,4.399999999999999745e-02
8.000000000000000167e-02,4.200000000000000261e-02
1.600000000000000033e-01,4.399999999999999745e-02
8.000000000000000167e-02,4.200000000000000261e-02
8.000000000000000167e-02,4.200000000000000261e-02
8.000000000000000167e-02,4.399999999999999745e-02
8.000000000000000167e-02,4.200000000000000261e-02
8.000000000000000167e-02,4.399999999999999745e-02
8.000000000000000167e-02,4.200000000000000261e-02
8.000000000000000167e-02,4.200000000000000261e-02
0.000000000000000000e+00,4.200000000000000261e-02
0.000000000000000000e+00,4.200000000000000261e-02
0.000000000000000000e+00,4.200000000000000261e-02
8.000000000000000167e-02,4.200000000000000261e-02
8.000000000000000167e-02,4.200000000000000261e-02
8.000000000000000167e-02,4.399999999999999745e-02
8.000000000000000167e-02,4.399999999999999745e-02
0.000000000000000000e+00,4.399999999999999745e-02
8.000000000000000167e-02,4.399999999999999745e-02
0.000000000000000000e+00,4.200000000000000261e-02
8.000000000000000167e-02,4.399999999999999745e-02
8.000000000000000167e-02,4.399999999999999745e-02
0.000000000000000000e+00,4.399999999999999745e-02
8.000000000000000167e-02,4.399999999999999745e-02
8.000000000000000167e-02,4.200000000000000261e-02
8.000000000000000167e-02,4.599999999999999922e-02
8.000000000000000167e-02,4.200000000000000261e-02
8.000000000000000167e-02,4.200000000000000261e-02
0.000000000000000000e+00,4.399999999999999745e-02
8.000000000000000167e-02,4.200000000000000261e-02
8.000000000000000167e-02,4.200000000000000261e-02
8.000000000000000167e-02,4.399999999999999745e-02
8.000000000000000167e-02,4.599999999999999922e-02
8.000000000000000167e-02,4.200000000000000261e-02
8.000000000000000167e-02,4.200000000000000261e-02
8.000000000000000167e-02,4.200000000000000261e-02
0.000000000000000000e+00,4.000000000000000083e-02
1.600000000000000033e-01,4.200000000000000261e-02
0.000000000000000000e+00,4.399999999999999745e-02
0.000000000000000000e+00,4.399999999999999745e-02
0.000000000000000000e+00,4.200000000000000261e-02
8.000000000000000167e-02,4.399999999999999745e-02
8.000000000000000167e-02,4.200000000000000261e-02
8.000000000000000167e-02,4.200000000000000261e-02
8.000000000000000167e-02,4.200000000000000261e-02
8.000000000000000167e-02,4.399999999999999745e-02
8.000000000000000167e-02,4.399999999999999745e-02
0.000000000000000000e+00,4.200000000000000261e-02
8.000000000000000167e-02,4.000000000000000083e-02
8.000000000000000167e-02,4.200000000000000261e-02
8.000000000000000167e-02,4.200000000000000261e-02
8.000000000000000167e-02,4.200000000000000261e-02
0.000000000000000000e+00,4.200000000000000261e-02
8.000000000000000167e-02,4.200000000000000261e-02
8.000000000000000167e-02,4.399999999999999745e-02
0.000000000000000000e+00,4.200000000000000261e-02
8.000000000000000167e-02,4.200000000000000261e-02
8.000000000000000167e-02,4.200000000000000261e-02
8.000000000000000167e-02,4.200000000000000261e-02
8.000000000000000167e-02,4.200000000000000261e-02
8.000000000000000167e-02,4.399999999999999745e-02
8.000000000000000167e-02,4.200000000000000261e-02
8.000000000000000167e-02,4.399999999999999745e-02
1.600000000000000033e-01,4.200000000000000261e-02
8.000000000000000167e-02,4.399999999999999745e-02
8.000000000000000167e-02,4.200000000000000261e-02
8.000000000000000167e-02,4.399999999999999745e-02
8.000000000000000167e-02,4.200000000000000261e-02
8.000000000000000167e-02,4.599999999999999922e-02
8.000000000000000167e-02,4.200000000000000261e-02
8.000000000000000167e-02,4.200000000000000261e-02
8.000000000000000167e-02,4.399999999999999745e-02
8.000000000000000167e-02,4.000000000000000083e-02
8.000000000000000167e-02,4.200000000000000261e-02
0.000000000000000000e+00,4.399999999999999745e-02
8.000000000000000167e-02,4.399999999999999745e-02
8.000000000000000167e-02,4.399999999999999745e-02
8.000000000000000167e-02,4.200000000000000261e-02
8.000000000000000167e-02,4.399999999999999745e-02
8.000000000000000167e-02,4.599999999999999922e-02
8.000000000000000167e-02,4.200000000000000261e-02
8.000000000000000167e-02,4.399999999999999745e-02
1.600000000000000033e-01,4.399999999999999745e-02
1.600000000000000033e-01,4.399999999999999745e-02
1.600000000000000033e-01,4.200000000000000261e-02
8.000000000000000167e-02,4.399999999999999745e-02
8.000000000000000167e-02,4.200000000000000261e-02
8.000000000000000167e-02,4.399999999999999745e-02
0.000000000000000000e+00,4.200000000000000261e-02
0.000000000000000000e+00,4.399999999999999745e-02
8.000000000000000167e-02,4.399999999999999745e-02
8.000000000000000167e-02,4.200000000000000261e-02
8.000000000000000167e-02,4.399999999999999745e-02
1.600000000000000033e-01,4.200000000000000261e-02
8.000000000000000167e-02,4.399999999999999745e-02
0.000000000000000000e+00,4.599999999999999922e-02
8.000000000000000167e-02,4.399999999999999745e-02
8.000000000000000167e-02,4.399999999999999745e-02
8.000000000000000167e-02,4.399999999999999745e-02
8.000000000000000167e-02,4.399999999999999745e-02
8.000000000000000167e-02,4.200000000000000261e-02
0.000000000000000000e+00,4.399999999999999745e-02
8.000000000000000167e-02,4.200000000000000261e-02
8.000000000000000167e-02,4.399999999999999745e-02
8.000000000000000167e-02,4.399999999999999745e-02
0.000000000000000000e+00,4.399999999999999745e-02
8.000000000000000167e-02,4.399999999999999745e-02
8.000000000000000167e-02,4.399999999999999745e-02
-8.000000000000000167e-02,4.399999999999999745e-02
8.000000000000000167e-02,4.399999999999999745e-02
0.000000000000000000e+00,4.000000000000000083e-02
8.000000000000000167e-02,4.599999999999999922e-02
8.000000000000000167e-02,4.200000000000000261e-02
8.000000000000000167e-02,4.200000000000000261e-02
8.000000000000000167e-02,4.399999999999999745e-02
8.000000000000000167e-02,4.200000000000000261e-02
8.000000000000000167e-02,4.399999999999999745e-02
8.000000000000000167e-02,4.200000000000000261e-02
0.000000000000000000e+00,4.399999999999999745e-02
8.000000000000000167e-02,4.399999999999999745e-02
8.000000000000000167e-02,4.399999999999999745e-02
8.000000000000000167e-02,4.399999999999999745e-02
8.000000000000000167e-02,4.200000000000000261e-02
8.000000000000000167e-02,4.200000000000000261e-02
8.000000000000000167e-02,4.200000000000000261e-02
0.000000000000000000e+00,4.399999999999999745e-02
8.000000000000000167e-02,4.200000000000000261e-02
0.000000000000000000e+00,4.399999999999999745e-02
8.000000000000000167e-02,4.399999999999999745e-02
8.000000000000000167e-02,4.200000000000000261e-02
8.000000000000000167e-02,4.399999999999999745e-02
1.600000000000000033e-01,4.200000000000000261e-02
8.000000000000000167e-02,4.200000000000000261e-02
8.000000000000000167e-02,4.399999999999999745e-02
8.000000000000000167e-02,4.399999999999999745e-02
8.000000000000000167e-02,4.200000000000000261e-02
1.600000000000000033e-01,4.399999999999999745e-02
8.000000000000000167e-02,4.000000000000000083e-02
0.000000000000000000e+00,4.200000000000000261e-02
8.000000000000000167e-02,4.200000000000000261e-02
8.000000000000000167e-02,4.399999999999999745e-02
8.000000000000000167e-02,4.399999999999999745e-02
8.000000000000000167e-02,4.599999999999999922e-02
1.600000000000000033e-01,4.599999999999999922e-02
1.600000000000000033e-01,4.800000000000000100e-02
1.600000000000000033e-01,5.200000000000000455e-02
8.000000000000000167e-02,5.399999999999999939e-02
1.600000000000000033e-01,5.999999999999999778e-02
2.399999999999999911e-01,5.600000000000000117e-02
2.399999999999999911e-01,5.200000000000000455e-02
2.399999999999999911e-01,4.599999999999999922e-02
3.200000000000000067e-01,4.399999999999999745e-02
2.399999999999999911e-01,4.200000000000000261e-02
2.399999999999999911e-01,4.200000000000000261e-02
3.200000000000000067e-01,4.399999999999999745e-02
3.200000000000000067e-01,4.399999999999999745e-02
3.200000000000000067e-01,4.800000000000000100e-02
4.000000000000000222e-01,5.200000000000000455e-02
4.799999999999999822e-01,5.600000000000000117e-02
4.000000000000000222e-01,6.199999999999999956e-02
4.000000000000000222e-01,5.999999999999999778e-02
4.799999999999999822e-01,5.399999999999999939e-02
4.000000000000000222e-01,5.600000000000000117e-02
4.000000000000000222e-01,4.399999999999999745e-02
5.600000000000000533e-01,4.200000000000000261e-02
4.799999999999999822e-01,4.200000000000000261e-02
5.600000000000000533e-01,4.399999999999999745e-02
5.600000000000000533e-01,4.399999999999999745e-02
5.600000000000000533e-01,4.800000000000000100e-02
5.600000000000000533e-01,5.000000000000000278e-02
5.600000000000000533e-01,5.600000000000000117e-02
5.600000000000000533e-01,5.800000000000000294e-02
5.600000000000000533e-01,6.199999999999999956e-02
6.400000000000000133e-01,5.600000000000000117e-02
6.400000000000000133e-01,5.000000000000000278e-02
6.400000000000000133e-01,4.599999999999999922e-02
7.199999999999999734e-01,4.000000000000000083e-02
8.000000000000000444e-01,4.000000000000000083e-02
6.400000000000000133e-01,4.000000000000000083e-02
8.000000000000000444e-01,4.200000000000000261e-02
7.199999999999999734e-01,4.399999999999999745e-02
7.199999999999999734e-01,4.599999999999999922e-02
7.199999999999999734e-01,5.000000000000000278e-02
8.800000000000000044e-01,5.600000000000000117e-02
8.000000000000000444e-01,5.800000000000000294e-02
8.800000000000000044e-01,6.199999999999999956e-02
8.800000000000000044e-01,6.199999999999999956e-02
8.800000000000000044e-01,5.800000000000000294e-02
8.800000000000000044e-01,5.200000000000000455e-02
8.800000000000000044e-01,4.599999999999999922e-02
8.800000000000000044e-01,4.399999999999999745e-02
8.000000000000000444e-01,4.200000000000000261e-02
8.800000000000000044e-01,4.200000000000000261e-02
9.599999999999999645e-01,4.200000000000000261e-02
8.800000000000000044e-01,4.399999999999999745e-02
9.599999999999999645e-01,4.599999999999999922e-02
9.599999999999999645e-01,5.000000000000000278e-02
1.040000000000000036e+00,5.399999999999999939e-02
1.040000000000000036e+00,5.999999999999999778e-02
1.120000000000000107e+00,6.600000000000000311e-02
1.120000000000000107e+00,6.400000000000000133e-02
1.040000000000000036e+00,5.399999999999999939e-02
1.120000000000000107e+00,5.200000000000000455e-02
1.120000000000000107e+00,4.599999999999999922e-02
1.120000000000000107e+00,4.200000000000000261e-02
1.040000000000000036e+00,4.200000000000000261e-02
1.040000000000000036e+00,4.399999999999999745e-02
1.199999999999999956e+00,4.599999999999999922e-02
1.199999999999999956e+00,4.800000000000000100e-02
1.199999999999999956e+00,5.200000000000000455e-02
1.199999999999999956e+00,5.800000000000000294e-02
1.199999999999999956e+00,6.600000000000000311e-02
1.360000000000000098e+00,6.400000000000000133e-02
1.280000000000000027e+00,5.999999999999999778e-02
1.360000000000000098e+00,5.399999999999999939e-02
1.280000000000000027e+00,5.200000000000000455e-02
1.360000000000000098e+00,4.599999999999999922e-02
1.360000000000000098e+00,4.399999999999999745e-02
1.360000000000000098e+00,4.200000000000000261e-02
1.360000000000000098e+00,4.200000000000000261e-02
1.280000000000000027e+00,4.599999999999999922e-02
1.439999999999999947e+00,4.800000000000000100e-02
1.520000000000000018e+00,5.399999999999999939e-02
1.439999999999999947e+00,5.800000000000000294e-02
1.360000000000000098e+00,6.400000000000000133e-02
1.520000000000000018e+00,6.600000000000000311e-02
1.439999999999999947e+00,6.400000000000000133e-02
1.520000000000000018e+00,5.399999999999999939e-02
1.520000000000000018e+00,5.000000000000000278e-02
1.600000000000000089e+00,4.599999999999999922e-02
1.520000000000000018e+00,4.200000000000000261e-02
1.520000000000000018e+00,4.399999999999999745e-02
1.520000000000000018e+00,4.399999999999999745e-02
1.600000000000000089e+00,4.399999999999999745e-02
1.600000000000000089e+00,5.000000000000000278e-02
1.600000000000000089e+00,5.000000000000000278e-02
1.679999999999999938e+00,5.600000000000000117e-02
1.760000000000000009e+00,6.199999999999999956e-02
1.679999999999999938e+00,6.400000000000000133e-02
1.760000000000000009e+00,6.600000000000000311e-02
1.760000000000000009e+00,6.400000000000000133e-02
1.760000000000000009e+00,5.399999999999999939e-02
1.760000000000000009e+00,4.800000000000000100e-02
1.760000000000000009e+00,4.599999999999999922e-02
1.840000000000000080e+00,4.399999999999999745e-02
1.840000000000000080e+00,4.200000000000000261e-02
1.760000000000000009e+00,4.399999999999999745e-02
1.840000000000000080e+00,4.399999999999999745e-02
1.840000000000000080e+00,5.000000000000000278e-02
1.840000000000000080e+00,5.399999999999999939e-02
1.840000000000000080e+00,5.999999999999999778e-02
1.919999999999999929e+00,6.400000000000000133e-02
1.919999999999999929e+00,6.400000000000000133e-02
1.919999999999999929e+00,5.999999999999999778e-02
2.000000000000000000e+00,5.800000000000000294e-02
2.080000000000000071e+00,5.200000000000000455e-02
2.000000000000000000e+00,4.399999999999999745e-02
2.000000000000000000e+00,4.200000000000000261e-02
2.000000000000000000e+00,4.200000000000000261e-02
2.000000000000000000e+00,4.200000000000000261e-02
2.000000000000000000e+00,4.599999999999999922e-02
2.080000000000000071e+00,4.800000000000000100e-02
1.919999999999999929e+00,5.200000000000000455e-02
2.080000000000000071e+00,5.399999999999999939e-02
2.080000000000000071e+00,5.999999999999999778e-02
2.160000000000000142e+00,6.400000000000000133e-02
2.160000000000000142e+00,6.600000000000000311e-02
2.160000000000000142e+00,6.199999999999999956e-02
2.240000000000000213e+00,5.600000000000000117e-02
2.160000000000000142e+00,5.200000000000000455e-02
2.240000000000000213e+00,4.800000000000000100e-02
2.160000000000000142e+00,4.399999999999999745e-02
2.319999999999999840e+00,4.200000000000000261e-02
2.080000000000000071e+00,4.599999999999999922e-02
2.240000000000000213e+00,4.599999999999999922e-02
2.240000000000000213e+00,5.000000000000000278e-02
2.319999999999999840e+00,5.200000000000000455e-02
2.240000000000000213e+00,5.800000000000000294e-02
2.240000000000000213e+00,6.400000000000000133e-02
2.399999999999999911e+00,6.600000000000000311e-02
2.399999999999999911e+00,6.400000000000000133e-02
2.399999999999999911e+00,6.199999999999999956e-02
2.319999999999999840e+00,5.600000000000000117e-02
2.399999999999999911e+00,4.800000000000000100e-02
2.399999999999999911e+00,4.399999999999999745e-02
2.479999999999999982e+00,4.399999999999999745e-02
2.399999999999999911e+00,4.200000000000000261e-02
2.399999999999999911e+00,4.399999999999999745e-02
2.399999999999999911e+00,4.399999999999999745e-02
2.399999999999999911e+00,4.599999999999999922e-02
2.479999999999999982e+00,5.200000000000000455e-02
2.479999999999999982e+00,5.999999999999999778e-02
2.560000000000000053e+00,6.400000000000000133e-02
2.560000000000000053e+00,6.600000000000000311e-02
2.560000000000000053e+00,6.600000000000000311e-02
2.560000000000000053e+00,5.800000000000000294e-02
2.640000000000000124e+00,5.200000000000000455e-02
2.560000000000000053e+00,4.800000000000000100e-02
2.560000000000000053e+00,4.399999999999999745e-02
2.640000000000000124e+00,4.200000000000000261e-02
2.640000000000000124e+00,4.200000000000000261e-02
2.640000000000000124e+00,4.000000000000000083e-02
2.640000000000000124e+00,4.399999999999999745e-02
2.560000000000000053e+00,4.800000000000000100e-02
2.720000000000000195e+00,5.200000000000000455e-02
2.720000000000000195e+00,5.600000000000000117e-02
2.800000000000000266e+00,6.199999999999999956e-02
2.800000000000000266e+00,6.400000000000000133e-02
2.720000000000000195e+00,6.400000000000000133e-02
2.800000000000000266e+00,5.600000000000000117e-02
2.800000000000000266e+00,5.200000000000000455e-02
2.879999999999999893e+00,4.800000000000000100e-02
2.879999999999999893e+00,4.399999999999999745e-02
2.879999999999999893e+00,4.200000000000000261e-02
2.879999999999999893e+00,4.000000000000000083e-02
2.879999999999999893e+00,4.000000000000000083e-02
2.879999999999999893e+00,4.399999999999999745e-02
3.040000000000000036e+00,5.000000000000000278e-02
2.959999999999999964e+00,5.399999999999999939e-02
2.959999999999999964e+00,5.800000000000000294e-02
3.040000000000000036e+00,6.199999999999999956e-02
2.959999999999999964e+00,6.400000000000000133e-02
3.040000000000000036e+00,5.800000000000000294e-02
3.040000000000000036e+00,5.399999999999999939e-02
3.040000000000000036e+00,5.000000000000000278e-02
3.040000000000000036e+00,5.000000000000000278e-02
3.040000000000000036e+00,4.399999999999999745e-02
3.120000000000000107e+00,4.599999999999999922e-02
3.040000000000000036e+00,4.399999999999999745e-02
3.120000000000000107e+00,4.399999999999999745e-02
3.120000000000000107e+00,4.599999999999999922e-02
3.120000000000000107e+00,5.000000000000000278e-02
3.200000000000000178e+00,5.600000000000000117e-02
3.200000000000000178e+00,5.800000000000000294e-02
3.200000000000000178e+00,6.400000000000000133e-02
3.120000000000000107e+00,6.199999999999999956e-02
3.200000000000000178e+00,5.600000000000000117e-02
3.280000000000000249e+00,5.200000000000000455e-02
3.280000000000000249e+00,4.800000000000000100e-02
3.280000000000000249e+00,4.599999999999999922e-02
3.359999999999999876e+00,4.399999999999999745e-02
3.359999999999999876e+00,4.200000000000000261e-02
3.280000000000000249e+00,4.200000000000000261e-02
3.439999999999999947e+00,4.399999999999999745e-02
3.359999999999999876e+00,4.399999999999999745e-02
3.359999999999999876e+00,5.000000000000000278e-02
3.439999999999999947e+00,5.399999999999999939e-02
3.439999999999999947e+00,5.800000000000000294e-02
3.520000000000000018e+00,6.199999999999999956e-02
3.439999999999999947e+00,6.400000000000000133e-02
3.439999999999999947e+00,6.199999999999999956e-02
3.439999999999999947e+00,5.800000000000000294e-02
3.520000000000000018e+00,5.200000000000000455e-02
3.520000000000000018e+00,4.800000000000000100e-02
3.600000000000000089e+00,4.200000000000000261e-02
3.520000000000000018e+00,4.200000000000000261e-02
3.600000000000000089e+00,4.000000000000000083e-02
3.680000000000000160e+00,4.200000000000000261e-02
3.600000000000000089e+00,4.200000000000000261e-02
3.600000000000000089e+00,4.800000000000000100e-02
3.680000000000000160e+00,5.000000000000000278e-02
3.680000000000000160e+00,5.800000000000000294e-02
3.600000000000000089e+00,5.999999999999999778e-02
3.600000000000000089e+00,6.800000000000000488e-02
3.680000000000000160e+00,6.400000000000000133e-02
3.680000000000000160e+00,5.800000000000000294e-02
3.680000000000000160e+00,5.399999999999999939e-02
3.760000000000000231e+00,5.200000000000000455e-02
3.839999999999999858e+00,4.800000000000000100e-02
3.680000000000000160e+00,4.399999999999999745e-02
3.839999999999999858e+00,4.599999999999999922e-02
3.839999999999999858e+00,4.200000000000000261e-02
3.839999999999999858e+00,4.200000000000000261e-02
3.760000000000000231e+00,4.800000000000000100e-02
3.839999999999999858e+00,5.200000000000000455e-02
3.839999999999999858e+00,5.399999999999999939e-02
3.839999999999999858e+00,6.199999999999999956e-02
3.839999999999999858e+00,6.400000000000000133e-02
3.919999999999999929e+00,6.400000000000000133e-02
4.000000000000000000e+00,6.199999999999999956e-02
3.919999999999999929e+00,5.399999999999999939e-02
4.000000000000000000e+00,5.399999999999999939e-02
4.000000000000000000e+00,5.000000000000000278e-02
4.000000000000000000e+00,4.800000000000000100e-02
4.080000000000000071e+00,4.399999999999999745e-02
4.160000000000000142e+00,4.599999999999999922e-02
4.000000000000000000e+00,4.599999999999999922e-02
4.080000000000000071e+00,5.200000000000000455e-02
4.080000000000000071e+00,5.399999999999999939e-02
4.160000000000000142e+00,6.199999999999999956e-02
4.080000000000000071e+00,6.400000000000000133e-02
4.080000000000000071e+00,6.400000000000000133e-02
4.160000000000000142e+00,6.199999999999999956e-02
4.160000000000000142e+00,5.600000000000000117e-02
4.240000000000000213e+00,5.200000000000000455e-02
4.240000000000000213e+00,5.000000000000000278e-02
4.240000000000000213e+00,4.800000000000000100e-02
4.240000000000000213e+00,4.599999999999999922e-02
4.320000000000000284e+00,4.800000000000000100e-02
4.320000000000000284e+00,5.000000000000000278e-02
4.240000000000000213e+00,5.600000000000000117e-02
4.320000000000000284e+00,5.800000000000000294e-02
4.320000000000000284e+00,6.199999999999999956e-02
4.400000000000000355e+00,6.400000000000000133e-02
4.400000000000000355e+00,6.199999999999999956e-02
4.400000000000000355e+00,5.800000000000000294e-02
4.320000000000000284e+00,5.600000000000000117e-02
4.400000000000000355e+00,5.200000000000000455e-02
4.400000000000000355e+00,5.200000000000000455e-02
4.400000000000000355e+00,4.800000000000000100e-02
4.400000000000000355e+00,4.800000000000000100e-02
4.480000000000000426e+00,4.800000000000000100e-02
4.480000000000000426e+00,5.200000000000000455e-02
4.480000000000000426e+00,5.800000000000000294e-02
4.480000000000000426e+00,5.999999999999999778e-02
4.560000000000000497e+00,6.199999999999999956e-02
4.560000000000000497e+00,6.400000000000000133e-02
4.560000000000000497e+00,6.400000000000000133e-02
4.639999999999999680e+00,5.999999999999999778e-02
4.639999999999999680e+00,6.199999999999999956e-02
4.719999999999999751e+00,5.800000000000000294e-02
4.560000000000000497e+00,5.200000000000000455e-02
4.719999999999999751e+00,5.000000000000000278e-02
4.639999999999999680e+00,4.800000000000000100e-02
4.719999999999999751e+00,5.200000000000000455e-02
4.639999999999999680e+00,5.399999999999999939e-02
4.639999999999999680e+00,5.600000000000000117e-02
4.719999999999999751e+00,5.600000000000000117e-02
4.799999999999999822e+00,5.999999999999999778e-02
4.799999999999999822e+00,6.600000000000000311e-02
4.799999999999999822e+00,6.400000000000000133e-02
4.799999999999999822e+00,6.400000000000000133e-02
4.799999999999999822e+00,6.199999999999999956e-02
4.879999999999999893e+00,5.999999999999999778e-02
4.959999999999999964e+00,5.800000000000000294e-02
4.879999999999999893e+00,5.600000000000000117e-02
4.879999999999999893e+00,5.200000000000000455e-02
4.879999999999999893e+00,5.200000000000000455e-02
4.879999999999999893e+00,5.200000000000000455e-02
4.959999999999999964e+00,5.200000000000000455e-02
4.959999999999999964e+00,5.600000000000000117e-02
4.879999999999999893e+00,5.800000000000000294e-02
4.959999999999999964e+00,6.400000000000000133e-02
4.879999999999999893e+00,6.199999999999999956e-02
5.040000000000000036e+00,6.199999999999999956e-02
5.040000000000000036e+00,5.999999999999999778e-02
5.040000000000000036e+00,6.199999999999999956e-02
5.040000000000000036e+00,6.199999999999999956e-02
5.120000000000000107e+00,5.999999999999999778e-02
5.040000000000000036e+00,5.800000000000000294e-02
5.040000000000000036e+00,5.200000000000000455e-02
5.040000000000000036e+00,5.600000000000000117e-02
5.040000000000000036e+00,5.200000000000000455e-02
5.120000000000000107e+00,5.600000000000000117e-02
5.200000000000000178e+00,5.399999999999999939e-02
5.200000000000000178e+00,5.800000000000000294e-02
5.200000000000000178e+00,5.800000000000000294e-02
5.200000000000000178e+00,6.400000000000000133e-02
5.200000000000000178e+00,6.400000000000000133e-02
5.280000000000000249e+00,6.600000000000000311e-02
5.200000000000000178e+00,6.400000000000000133e-02
5.200000000000000178e+00,6.600000000000000311e-02
5.280000000000000249e+00,6.600000000000000311e-02
5.280000000000000249e+00,5.600000000000000117e-02
5.360000000000000320e+00,5.600000000000000117e-02
5.280000000000000249e+00,5.399999999999999939e-02
5.360000000000000320e+00,5.200000000000000455e-02
5.440000000000000391e+00,5.399999999999999939e-02
5.280000000000000249e+00,5.600000000000000117e-02
5.360000000000000320e+00,5.600000000000000117e-02
5.440000000000000391e+00,6.199999999999999956e-02
5.440000000000000391e+00,6.400000000000000133e-02
5.360000000000000320e+00,6.400000000000000133e-02
5.360000000000000320e+00,6.400000000000000133e-02
5.520000000000000462e+00,6.400000000000000133e-02
5.440000000000000391e+00,6.600000000000000311e-02
5.360000000000000320e+00,6.400000000000000133e-02
5.600000000000000533e+00,6.199999999999999956e-02
5.600000000000000533e+00,5.800000000000000294e-02
5.520000000000000462e+00,5.600000000000000117e-02
5.600000000000000533e+00,5.399999999999999939e-02
5.600000000000000533e+00,5.200000000000000455e-02
5.600000000000000533e+00,5.399999999999999939e-02
5.600000000000000533e+00,5.600000000000000117e-02
5.679999999999999716e+00,5.600000000000000117e-02
5.600000000000000533e+00,5.399999999999999939e-02
5.600000000000000533e+00,6.199999999999999956e-02
5.679999999999999716e+00,6.400000000000000133e-02
5.679999999999999716e+00,6.400000000000000133e-02
5.679999999999999716e+00,6.600000000000000311e-02
5.759999999999999787e+00,6.800000000000000488e-02
5.839999999999999858e+00,6.400000000000000133e-02
5.759999999999999787e+00,5.800000000000000294e-02
5.759999999999999787e+00,5.600000000000000117e-02
5.759999999999999787e+00,5.200000000000000455e-02
5.919999999999999929e+00,5.399999999999999939e-02
5.919999999999999929e+00,4.800000000000000100e-02
5.839999999999999858e+00,5.200000000000000455e-02
5.759999999999999787e+00,5.600000000000000117e-02
5.759999999999999787e+00,5.800000000000000294e-02
5.919999999999999929e+00,6.199999999999999956e-02
5.919999999999999929e+00,6.199999999999999956e-02
5.919999999999999929e+00,6.600000000000000311e-02
6.000000000000000000e+00,6.400000000000000133e-02
6.000000000000000000e+00,5.999999999999999778e-02
6.000000000000000000e+00,5.800000000000000294e-02
6.000000000000000000e+00,5.399999999999999939e-02
5.919999999999999929e+00,5.399999999999999939e-02
6.000000000000000000e+00,5.200000000000000455e-02
6.080000000000000071e+00,5.000000000000000278e-02
6.080000000000000071e+00,5.200000000000000455e-02
6.080000000000000071e+00,5.399999999999999939e-02
6.080000000000000071e+00,5.600000000000000117e-02
6.080000000000000071e+00,5.999999999999999778e-02
6.080000000000000071e+00,6.199999999999999956e-02
6.080000000000000071e+00,6.600000000000000311e-02
6.080000000000000071e+00,6.400000000000000133e-02
6.160000000000000142e+00,6.400000000000000133e-02
6.160000000000000142e+00,5.800000000000000294e-02
6.240000000000000213e+00,5.600000000000000117e-02
